{"eval_loss": 5.597052574157715, "eval_model_preparation_time": 0.0011, "eval_accuracy": 0.18376004695892334, "eval_runtime": 1144.9533, "eval_samples_per_second": 261.687, "eval_steps_per_second": 32.711}