{"eval_loss": 2.393868923187256, "eval_model_preparation_time": 0.0011, "eval_accuracy": 0.48989999294281006, "eval_runtime": 94.9075, "eval_samples_per_second": 316.097, "eval_steps_per_second": 39.512}