{"eval_loss": 1.6879373788833618, "eval_model_preparation_time": 0.0012, "eval_accuracy": 0.5672704577445984, "eval_runtime": 1051.1165, "eval_samples_per_second": 285.048, "eval_steps_per_second": 35.632}